20260805120000	api_reliability_hardening	2026-08-05a-api-reliability-hardening.sql
20260805130000	zoom_marketplace_deauthorization	2026-08-05b-zoom-marketplace-deauthorization.sql
20260808120000	stale_alert_episode_semantics	2026-08-08-stale-alert-episode-semantics.sql
20260810120000	stream_created_notification_skips_finished_streams	2026-08-10a-stream-created-notification-skips-finished-streams.sql
20260810130000	delete_finished_streams_and_meetings	2026-08-10b-delete-finished-streams-and-meetings.sql
20260814120000	true_stale_days_and_silent_auto_archive	2026-08-14-true-stale-days-and-silent-auto-archive.sql
20260818120000	checklist_item_assignment_without_duty	2026-08-18a-checklist-item-assignment-without-duty.sql
20260818130000	youtube_channel_replacement_clears_inflight_streams	2026-08-18b-youtube-channel-replacement-clears-inflight-streams.sql
20260903120000	restore_broadcast_domain	2026-09-03-restore-broadcast-domain.sql
20260904100000	broadcast_invariants_and_atomic_playlist_writes	2026-09-04a-broadcast-invariants-and-atomic-playlist-writes.sql
20260904140000	venue_booking_domain	2026-09-04b-venue-booking-domain.sql
20260904160000	venue_booking_data_api_grants	2026-09-04c-venue-booking-data-api-grants.sql
20260909120000	delete_broadcast_with_items	2026-09-09-delete-broadcast-with-items.sql
20260912120000	venue_events_and_lean_venue_bookings	2026-09-12-venue-events-and-lean-venue-bookings.sql
20260920120000	public_submission_management	2026-09-20-public-submission-management.sql
20260925120000	remove_bug_reports	2026-09-25-remove-bug-reports.sql
20260927002902	venue_booking_recurrence	2026-09-27a-venue-booking-recurrence.sql
20260927120000	reject_workspace_join_request	2026-09-27b-reject-workspace-join-request.sql
20260927130000	venue_booking_approval_states	2026-09-27c-venue-booking-approval-states.sql
20260927130100	venue_booking_approval_and_telegram_actions	2026-09-27d-venue-booking-approval-and-telegram-actions.sql
20260927130200	telegram_webhook_duplicate_claim	2026-09-27e-telegram-webhook-duplicate-claim.sql
20260927130300	broadcast_media_delete_policy_initplan	2026-09-27f-broadcast-media-delete-policy-initplan.sql
20260930180000	request_option_descriptions	2026-09-30a-request-option-descriptions.sql
20260930190000	remove_stale_item_alerts	2026-09-30b-remove-stale-item-alerts.sql
20261003150000	workspace_member_types	2026-10-03a-workspace-member-types.sql
20261003160000	scheduled_messages	2026-10-03b-scheduled-messages.sql
20261003170000	scheduled_message_actions	2026-10-03c-scheduled-message-actions.sql
20261003180000	scheduled_message_composition	2026-10-03d-scheduled-message-composition.sql
20261003230000	scheduled_template_management	2026-10-03e-scheduled-template-management.sql
